{"date":"2020-06-28T15:49:01Z","recording_lang":"wol","origin":"","source":"\/v03-ivnxpznckpmh","suffix":"200628-154901_wol_8ec_elicit","BitsPerSample":16,"Format":"vnd.wave","file_type":null,"speakers":[],"durationMsec":1361,"speaker_note":"","speaker_gender":"Male","languages":["fra"],"item_id":"ivnxpznckpmh","speaker_birth_year":0,"speaker_name":"Petit Babu","version":"\/v03","sampleRate":16000,"user_id":"-1199269044","NumChannels":1,"name":"200628-154901_wol_8ec_elicit_37","location":[5.6953122,-0.0940137],"device":"LGE-LG-M700","androidID":"8ec90dfc32c4d7ad","mother_tongue":"wol"}