{"date":"2020-06-25T13:36:50Z","recording_lang":"wol","origin":"","source":"\/v03-zjvfvlasnujf","suffix":"200625-133650_wol_8ec_elicit","BitsPerSample":16,"Format":"vnd.wave","file_type":null,"speakers":[],"durationMsec":6783,"speaker_note":"","speaker_gender":"Male","languages":["fra"],"item_id":"zjvfvlasnujf","speaker_birth_year":0,"speaker_name":"Petit Babu","version":"\/v03","sampleRate":16000,"user_id":"-1235387246","NumChannels":1,"name":"200625-133650_wol_8ec_elicit_18","location":[5.6953287,-0.0939517],"device":"LGE-LG-M700","androidID":"8ec90dfc32c4d7ad","mother_tongue":"wol"}