{"date":"2020-06-25T15:16:45Z","recording_lang":"wol","origin":"","source":"\/v03-hprgydhhtljo","suffix":"200625-151645_wol_8ec_elicit","BitsPerSample":16,"Format":"vnd.wave","file_type":null,"speakers":[],"durationMsec":1883,"speaker_note":"","speaker_gender":"Male","languages":["fra"],"item_id":"hprgydhhtljo","speaker_birth_year":0,"speaker_name":"Petit Babu","version":"\/v03","sampleRate":16000,"user_id":"-1235387246","NumChannels":1,"name":"200625-151645_wol_8ec_elicit_10","location":[5.6953287,-0.0939517],"device":"LGE-LG-M700","androidID":"8ec90dfc32c4d7ad","mother_tongue":"wol"}