{"date":"2020-06-25T16:52:20Z","recording_lang":"wol","origin":"","source":"\/v03-xbykvmytqinl","suffix":"200625-165220_wol_8ec_elicit","BitsPerSample":16,"Format":"vnd.wave","file_type":null,"speakers":[],"durationMsec":2404,"speaker_note":"","speaker_gender":"Male","languages":["fra"],"item_id":"xbykvmytqinl","speaker_birth_year":0,"speaker_name":"Petit Babu","version":"\/v03","sampleRate":16000,"user_id":"1207121764","NumChannels":1,"name":"200625-165220_wol_8ec_elicit_2","location":[5.69532,-0.0939865],"device":"LGE-LG-M700","androidID":"8ec90dfc32c4d7ad","mother_tongue":"wol"}