{"date":"2020-06-28T15:23:55Z","recording_lang":"wol","origin":"","source":"\/v03-thtaclvckffj","suffix":"200628-152355_wol_8ec_elicit","BitsPerSample":16,"Format":"vnd.wave","file_type":null,"speakers":[],"durationMsec":2722,"speaker_note":"","speaker_gender":"Male","languages":["fra"],"item_id":"thtaclvckffj","speaker_birth_year":0,"speaker_name":"Petit Babu","version":"\/v03","sampleRate":16000,"user_id":"-1199269044","NumChannels":1,"name":"200628-152355_wol_8ec_elicit_43","location":[5.6953122,-0.0940137],"device":"LGE-LG-M700","androidID":"8ec90dfc32c4d7ad","mother_tongue":"wol"}