{"date":"2020-06-24T22:25:56Z","recording_lang":"wol","origin":"","source":"\/v03-ivyetgaeszmu","suffix":"200624-222556_wol_8ec_elicit","BitsPerSample":16,"Format":"vnd.wave","file_type":null,"speakers":[],"durationMsec":2246,"speaker_note":"","speaker_gender":"Male","languages":["fra"],"item_id":"ivyetgaeszmu","speaker_birth_year":0,"speaker_name":"Petit Babu","version":"\/v03","sampleRate":16000,"user_id":"859139084","NumChannels":1,"name":"200624-222556_wol_8ec_elicit_24","location":[5.6957233,-0.0934417],"device":"LGE-LG-M700","androidID":"8ec90dfc32c4d7ad","mother_tongue":"wol"}